Country,Holiday,Date,Day
Canada,Canada Day,2024-07-01,Monday
Canada,Labour Day,2024-09-02,Monday
Canada,Thanksgiving Day,2024-10-14,Monday
Canada,Remembrance Day,2024-11-11,Monday
Canada,Christmas,2024-12-25,Wednesday
Canada,Boxing Day,2024-12-26,Thursday
USA,Independence Day,2024-07-04,Thursday
USA,Labor Day,2024-09-02,Monday
USA,Columbus Day,2024-10-14,Monday
USA,Halloween,2024-10-31,Thursday
USA,Election Day,2024-11-05,Tuesday
USA,Veterans Day,2024-11-11,Monday
USA,Thanksgiving Day,2024-11-28,Thursday
USA,Day after Thanksgiving Day,2024-11-29,Friday
USA,Christmas Eve,2024-12-24,Tuesday
USA,Christmas Day,2024-12-25,Wednesday
USA,New Year's Eve,2024-12-31,Tuesday